repo_name,pr_events
leandrohstein/transporteservico-urbs-data,348822
google-test/signclav2-probe-repo,290095
trunk-io/mergequeue,202052
prawn-test-staging-rw/mergequeue_service_test_commit_status,193464
mhutchinson/mhutchinson-distributor,192117
MetaMask/eth-phishing-detect,182728
actions-canary/ForkPRCanary,174988
Nix-Drone/mergequeue-github,172788
NixOS/nixpkgs,153131
WolseyBankWitness/rediffusion,147634
microsoft/winget-pkgs,130601
prawn-test-staging-rw/mg-service-test,93536
prawn-test-production-rw/mg-service-test,89843
Homebrew/homebrew-core,81834
deepsourcestatus/test-repository,78325
trunk-io/mergequeue-staging,77926
RishabhGupta34/gitX_Harness,69638
GuruCICDCanary-Beta/CICDCanary,66639
GuruCICDCanary-Prod-Release/CICDCanary,66632
GuruCICDCanary-Prod/CICDCanary,66334
openshift-helm-charts/sandbox,65912
Homebrew/homebrew-cask,61552
llvm/llvm-project,58364
odoo/odoo,54569
digitalinnovationone/dio-lab-open-source,51035
wolfi-dev/os,48548
JuliaRegistries/General,45111
aws-aemilia-sin/Github-PR-Commit-Integration-Test-DoNotTouch-GitH-MJCD6L4M-v1-preprod-ap-southeast-1,44522
aws-aemilia-syd/Github-PR-Commit-Integration-Test-DoNotTouch-GitH-MJCD6L4M-v1-preprod-ap-southeast-2,44505
aws-aemilia-sin/Github-PR-Commit-Integration-Test-DoNotTouch-GitH-MJCD6L4M-v1-prod-ap-southeast-1,44250
scalr-automation/terraform-scalr-flat-mirror4,44137
aws-aemilia-bom/Github-PR-Commit-Integration-Test-DoNotTouch-GitH-MJCD6L4M-v1-preprod-ap-south-1,43908
aws-aemilia-bah/Github-PR-Commit-Integration-Test-DoNotTouch-GitH-MJCD6L4M-v1-preprod-me-south-1,43861
aws-aemilia-syd/Github-PR-Commit-Integration-Test-DoNotTouch-GitH-MJCD6L4M-v1-prod-ap-southeast-2,43742
aws-aemilia-icn/Github-PR-Commit-Integration-Test-DoNotTouch-GitH-MJCD6L4M-v1-preprod-ap-northeast-2,43723
aws-aemilia-kix/Github-PR-Commit-Integration-Test-DoNotTouch-GitH-MJCD6L4M-v1-preprod-ap-northeast-3,43723
aws-aemilia-bah/Github-PR-Commit-Integration-Test-DoNotTouch-GitHubAutoBuildPrPreviewCanaryTest-v1-prod-me-south-1,43245
aws-aemilia-kix/Github-PR-Commit-Integration-Test-DoNotTouch-GitH-MJCD6L4M-v1-prod-ap-northeast-3,43240
aws-aemilia-nrt/Github-PR-Commit-Integration-Test-DoNotTouch-GitH-MJCD6L4M-v1-preprod-ap-northeast-1,43213
aws-aemilia-bom/Github-PR-Commit-Integration-Test-DoNotTouch-GitHubAutoBuildPrPreviewCanaryTest-v1-prod-ap-south-1,43018
aws-aemilia-icn/Github-PR-Commit-Integration-Test-DoNotTouch-GitH-MJCD6L4M-v1-prod-ap-northeast-2,43018
aws-aemilia-gru/Github-PR-Commit-Integration-Test-DoNotTouch-GitH-MJCD6L4M-v1-preprod-sa-east-1,42961
aws-aemilia-nrt/Github-PR-Commit-Integration-Test-DoNotTouch-GitH-MJCD6L4M-v1-prod-ap-northeast-1,42789
aws-aemilia-gru/Github-PR-Commit-Integration-Test-DoNotTouch-GitHubAutoBuildPrPreviewCanaryTest-v1-prod-sa-east-1,42580
aws-aemilia-arn/Github-PR-Commit-Integration-Test-DoNotTouch-GitH-MJCD6L4M-v1-preprod-eu-north-1,41837
aws-aemilia-arn/Github-PR-Commit-Integration-Test-DoNotTouch-GitHubAutoBuildPrPreviewCanaryTest-v1-prod-eu-north-1,41573
aws-aemilia-mxp/Github-PR-Commit-Integration-Test-DoNotTouch-GitHubAutoBuildPrPreviewCanaryTest-v1-prod-eu-south-1,41513
aws-aemilia-cdg/Github-PR-Commit-Integration-Test-DoNotTouch-GitH-MJCD6L4M-v1-preprod-eu-west-3,41460
aws-aemilia-mxp/Github-PR-Commit-Integration-Test-DoNotTouch-GitH-MJCD6L4M-v1-preprod-eu-south-1,41205
aws-aemilia-sfo/Github-PR-Commit-Integration-Test-DoNotTouch-GitH-MJCD6L4M-v1-preprod-us-west-1,41176
aws-aemilia-cdg/Github-PR-Commit-Integration-Test-DoNotTouch-GitHubAutoBuildPrPreviewCanaryTest-v1-prod-eu-west-3,40923
scalr-automation/terraform-scalr-flat-mirror5,40756
aws-aemilia-lhr/Github-PR-Commit-Integration-Test-DoNotTouch-GitH-MJCD6L4M-v1-preprod-eu-west-2,40729
aws-aemilia-sfo/Github-PR-Commit-Integration-Test-DoNotTouch-GitHubAutoBuildPrPreviewCanaryTest-v1-prod-us-west-1,40720
aws-aemilia-pdx/Github-PR-Commit-Integration-Test-DoNotTouch-GitHubAutoBuildPrPreviewCanaryTest-v1-beta-us-west-2,40659
aws-aemilia-fra/Github-PR-Commit-Integration-Test-DoNotTouch-GitH-MJCD6L4M-v1-preprod-eu-central-1,40519
aws-aemilia-pdx/Github-PR-Commit-Integration-Test-DoNotTouch-GitH-MJCD6L4M-v1-preprod-us-west-2,40450
aws-aemilia-lhr/Github-PR-Commit-Integration-Test-DoNotTouch-GitHubAutoBuildPrPreviewCanaryTest-v1-prod-eu-west-2,40229
aws-aemilia-dub/Github-PR-Commit-Integration-Test-DoNotTouch-GitH-MJCD6L4M-v1-preprod-eu-west-1,40214
aws-aemilia-dub/Github-PR-Commit-Integration-Test-DoNotTouch-GitHubAutoBuildPrPreviewCanaryTest-v1-prod-eu-west-1,40143
aws-aemilia-pdx/Github-PR-Commit-Integration-Test-DoNotTouch-GitHubAutoBuildPrPreviewCanaryTest-v1-gamma-us-west-2,40086
aws-aemilia-fra/Github-PR-Commit-Integration-Test-DoNotTouch-GitH-MJCD6L4M-v1-prod-eu-central-1,39915
aws-aemilia-pdx/Github-PR-Commit-Integration-Test-DoNotTouch-GitHubAutoBuildPrPreviewCanaryTest-v1-prod-us-west-2,39834
aws-aemilia-yul/Github-PR-Commit-Integration-Test-DoNotTouch-GitH-MJCD6L4M-v1-prod-ca-central-1,39415
aws-aemilia-yul/Github-PR-Commit-Integration-Test-DoNotTouch-GitH-MJCD6L4M-v1-preprod-ca-central-1,39408
aws-aemilia-cmh/Github-PR-Commit-Integration-Test-DoNotTouch-GitH-MJCD6L4M-v1-preprod-us-east-2,39378
aws-aemilia-cmh/Github-PR-Commit-Integration-Test-DoNotTouch-GitHubAutoBuildPrPreviewCanaryTest-v1-prod-us-east-2,39260
scalr-automation/terraform-scalr-flat-mirror3,39229
bitnami/containers,39100
mergifyio-testing/functional-testing-repo-Greesb,39045
aws-aemilia-iad/Github-PR-Commit-Integration-Test-DoNotTouch-GitHubAutoBuildPrPreviewCanaryTest-v1-gamma-us-east-1,38743
aws-aemilia-iad/Github-PR-Commit-Integration-Test-DoNotTouch-GitH-MJCD6L4M-v1-preprod-us-east-1,38739
aws-aemilia-iad/Github-PR-Commit-Integration-Test-DoNotTouch-GitHubAutoBuildPrPreviewCanaryTest-v1-prod-us-east-1,38627
scalr-automation/terraform-scalr-flat,37461
scalr-automation/terraform-scalr-flat-mirror2,37447
scalr-automation/terraform-scalr-flat-mirror1,37123
pytorch/pytorch,36852
amplify-github-test-hkg/Github-PR-Commit-Integration-Test-DoNotTouch-GitHubAutoBuildPrPreviewCanaryTest-v1-prod-ap-east-1,36217
amplify-github-test-hkg/Github-PR-Commit-Integration-Test-DoNotTouch-GitH-MJCD6L4M-v1-preprod-ap-east-1,35909
elastic/kibana,35560
hmrc/build-and-deploy-canary-service,33270
aelmanaa/cl-docs,32178
StarRocks/starrocks,31673
home-assistant/core,31328
openshift/openshift-docs,31233
tensorflow/tensorflow,31172
prawn-test-staging-rw/check-web,30541
apache/doris,30268
WebKit/WebKit,29863
getsentry/sentry,29642
airbytehq/airbyte,25906
3bsalam-1/3bsalam-1,25321
firstcontributions/first-contributions,25281
karnotxyz/avail-campaign-listing,25266
redhat-appstudio-qe/sample-multi-component,25176
3bsalam-1/MountainCar,25028
ibm-developer-skills-network/jbbmo-Introduction-to-Git-and-GitHub,24844
SabreOSS/opentelemetry-collector-contrib,24562
openshift/release,24438
grafana/grafana,24206
openshift-cnv/cnv-fbc,24164
redhat-appstudio-qe/devfile-sample-hello-world,23575
redhat-appstudio-qe/hacbs-test-project,23541
dipper-github-preprod/report-individual-builds-batch-list,23475
coralogix/opentelemetry-collector-contrib,23469
brianchandotcom/liferay-portal,23447
openxla/xla,23019
zephyrproject-rtos/zephyr,22763
aquaproj/aqua-registry,21944
CorporationX/god_bless,21773
demisto/dockerfiles,21714
elastic/elasticsearch,21660
kovrus/opentelemetry-collector-contrib,21523
blimpup/malcolm-testing-repo,21332
3bsalam-1/Arabic-OCR,21274
ClickHouse/ClickHouse,21162
gravitational/teleport,21159
coinhall/yacar,21146
cockroachdb/cockroach,20454
redhat-appstudio-qe/build-nudge-child,20214
pcwiese/opentelemetry-collector-contrib,20211
eiriksm/musical-octo-doodle,20028
rust-lang/rust,19944
MrAlias/opentelemetry-collector-contrib,19866
DataDog/datadog-agent,19655
leanprover-community/mathlib4,19625
truecharts/charts,19315
philchia/opentelemetry-collector-contrib,18969
wolfi-dev/advisories,18742
python/cpython,18614
X-oss-byte/gatsby,18566
PaddlePaddle/Paddle,18384
trunk-io/flake-factory,18041
ydb-platform/ydb,17936
ministryofjustice/cloud-platform-environments,17433
redhat-appstudio-qe/hacbs-test-project-integration,17252
Yawn-Sean/Daily_CF_Problems,17169
metabase/metabase,17121
gitarcode-test/SpinalTap,17083
gitarcode-test/kaldb,16953
microsoft/vscode,16748
brotherlogic/logging,16529
aksatlanta-testing/devhub-e2e-preexisting-artifacts,16428
konflux-qe-bd/devfile-sample-python-basic,16358
gouthamve/opentelemetry-collector-contrib,16241
hongbo-miao/hongbomiao.com,16190
Automattic/wp-calypso,16158
firefly3823/firefly3823,15674
0xtorch/datasource,15652
langchain-ai/langchain,15365
flutter/flutter,15250
dotnet/runtime,15186
bioconda/bioconda-recipes,14781
flutter/engine,14694
johnearly32/test-repo,14664
mwear/opentelemetry-collector-contrib,14650
Expensify/App,14434
shortlink-org/shortlink,14396
mergifyio-testing/functional-testing-repo-Syffe,14281
bitnami/charts,14274
brotherlogic/pullrequester,14173
mouredev/roadmap-retos-programacion,14162
zed-industries/zed,13991
hmcts/cnp-flux-config,13953
signalfyi/support,13822
code-dot-org/code-dot-org,13733
mdn/translated-content,13691
space-wizards/space-station-14,13688
scantist-ossops-m2/vim,13523
NHSDigital/IOPS-FHIR-Simplifier-Backup,13480
is-a-dev/register,13417
redhat-appstudio-qe/build-nudge-parent,13181
uniget-org/tools,13127
godotengine/godot,12914
WordPress/gutenberg,12756
gitarcode-test/deeplearning4j,12585
ballerina-platform/ballerina-performance-cloud,12547
dotnet/sdk,12381
JetBrains/swot,12369
gitarcode-test/rewrite-migrate-java,12191
bbigras/nix-config,12057
flowarp/containers,11967
mergifyio-testing/functional-testing-repo-jd,11928
ceph/ceph,11903
gitarcode-test/BungeeCord,11794
web-platform-tests/wpt,11749
apache/airflow,11637
Jakab-Mate/MiCroSim.jl,11631
PostHog/posthog,11591
department-of-veterans-affairs/vets-website,11587
demisto/content,11397
SolaceDev/opentelemetry-collector-contrib,11348
dagster-io/dagster,11314
nrfconnect/sdk-nrf,11229
redhat-appstudio-qe/konflux-test-integration,11211
studio-pro/github_connector,11163
woocommerce/woocommerce,11150
oss4u/pulumi-opnsense-native,11144
bogdandrutu/opentelemetry-collector-contrib,11142
vercel/next.js,11135
redhat-appstudio-qe/devfile-sample-python-basic,11133
sys-int/opnsense-api,11126
oss4u/pulumi-teamcity-native,11099
oss4u/pulumi-youtrack-native,11048
oss4u/go-opnsense,11042
pingcap/tidb,10920
tgstation/tgstation,10882
redhat-appstudio-qe/hacbs-test-project-konflux-demo,10859
cloudflare/cloudflare-docs,10718
openvinotoolkit/openvino,10710
openjdk/jdk,10691
brain-tec/odoo,10688
googleapis/google-api-java-client-services,10663
maestro-auth-test/maestro-test2,10522
ibm-developer-skills-network/gkpbt-css-circle,10508
milvus-io/milvus,10508
camunda/camunda,10477
pass-culture/pass-culture-main,10475
brave/brave-core,10416
metersphere/metersphere,10372
idsb3t2/KEEP-pipeline-tests-resources,10361
Charcoal-SE/SmokeDetector,10337
dust-tt/dust,10322
DataDog/documentation,10278
spack/spack,10276
collibra/opentelemetry-collector-contrib,10251
CleverRaven/Cataclysm-DDA,10224
fleetdm/fleet,10152
paradigmxyz/reth,10151
open-telemetry/opentelemetry-collector-contrib,10094
soenneker/soenneker.runners.ffprobe,10083
jain-av/mq-demo,10069
gruyaume/snap-vault,10034
soenneker/soenneker.runners.ytdlp,9976
azure-sdk/azure-sdk-for-js,9958
soenneker/soenneker.runners.email.disposables,9954
discourse/discourse,9929
MaterializeInc/materialize,9894
runatlantis/atlantis-tests,9836
nextcloud/server,9825
albertteoh/opentelemetry-collector-contrib,9819
macports/macports-ports,9817
cilium/cilium,9774
gitinteg1/Repository1,9764
oxc-project/oxc,9753
pytorch/executorch,9724
tinygrad/tinygrad,9683
lokaliseAutomation/e2e-check-stage,9618
gentoo/gentoo,9594
void-linux/void-packages,9528
amir9979/reading_list,9477
peter-evans/create-pull-request-tests,9475
ibm-developer-skills-network/Centralized-repository-shipping_calculations,9420
Idea-Fighters/Food-Drop,9360
kubernetes/kubernetes,9360
Azure/azure-sdk-for-net,9248
aksatlanta-testing/devhub-e2e-artifact-gen,9223
AliceO2Group/O2Physics,9202
soenneker/soenneker.runners.ffmpeg,9192
selenium-sso-user/github-project,9185
SlackBuildsOrg/slackbuilds,9165
apache/spark,9151
azure-sdk/azure-sdk-for-java,9118
soenneker/soenneker.runners.zipcode,9106
AztecProtocol/aztec-packages,9066
tenstorrent/tt-metal,9051
MystenLabs/sui,8993
department-of-veterans-affairs/vets-api,8986
workflowsconnectortest/createpullrequest,8964
backstage/backstage,8959
functionaltests/createpullrequest,8903
OpenIndiana/oi-userland,8901
sonic-net/sonic-mgmt,8875
matrixorigin/matrixone,8874
ministryofjustice/modernisation-platform-environments,8846
facebook/react-native,8811
astral-sh/uv,8729
scalr-automation/opa-policy,8668
bytebase/bytebase,8638
taosdata/TDengine,8618
envoyproxy/envoy,8578
norwd/archive,8564
ros/rosdistro,8562
mdn/content,8532
vllm-project/vllm,8503
Automattic/jetpack,8498
gitarcode-test/epoxy,8450
OPS-E2E-PPE/E2E_RepoSync_Public_PubDev_IntegrationTest,8426
frappe/erpnext,8389
microsoft/FluidFramework,8383
MetaMask/metamask-extension,8376
Jammicus/opentelemetry-collector-contrib,8374
aperture-sci/loan-app,8364
dataease/dataease,8334
Azure/azure-sdk-for-java,8290
lightstep/opentelemetry-collector-contrib,8285
binary-com/deriv-app,8275
soenneker/soenneker.cosmos.repository,8251
expo/expo,8238
keycloak/keycloak,8215
ray-project/ray,8174
langgenius/dify,8170
Azure/azure-rest-api-specs,8165
stackrox/stackrox,8145
brotherlogic/provisioner,8121
petersandor/charts,8057
jup-ag/token-list,8046
mason-org/mason-registry,8038
aws4embeddedlinux/meta-aws,8031
openedx/openedx-translations,7995
brotherlogic/versiontracker,7994
withastro/docs,7978
GSSoC24/Postman-Challenge,7941
harness/developer-hub,7856
DefiLlama/DefiLlama-Adapters,7833
nammayatri/nammayatri,7833
huggingface/transformers,7832
hashicorp/vault,7801
protocolbuffers/protobuf,7799
azure-sdk/azure-sdk-for-python,7793
project-chip/connectedhomeip,7783
NouamaneTazi/NouamaneTazi,7775
asuresh4/opentelemetry-collector-contrib,7757
googleapis/google-api-ruby-client,7752
dipper-github-preprod/report-individual-builds-batch-graph,7723
Dolibarr/dolibarr,7716
dipper-github-preprod/report-individual-builds-batch-matrix,7712
home-assistant/home-assistant.io,7687
foundryvtt/pf2e,7678
googleapis/google-cloud-ruby,7678
runtipi/runtipi-appstore,7666
gitarcode-test/lottie-android,7656
DataDog/dd-trace-py,7630
azure-sdk/azure-sdk-for-go,7629
sourcegraph/sourcegraph,7625
Canva/opentelemetry-collector-contrib,7617
supabase/supabase,7575
anitvam/vagrant-libvirt,7555
aravindb26/backstage,7532
apache/camel,7488
risingwavelabs/risingwave,7482
newrelic/docs-website,7480
quarkusio/quarkus,7448
smartcontractkit/chainlink,7447
EuCarlos/lang,7430
Fluffy-Frontier/FluffySTG,7427
soenneker/soenneker.blob.suite,7399
pingcap/docs,7388
conda-forge/staged-recipes,7360
gitarcode-test/cassandra,7359
bitwarden/clients,7350
Azure/azure-sdk-for-python,7348
HendrikKlug-synthara/mytest,7344
frappe/frappe,7338
dotnet/docs,7323
apt-repositories/ubuntu,7301
island-is/island.is,7272
pagefaultgames/pokerogue,7266
AOSC-Dev/aosc-os-abbs,7259
Canva/mergequeue-trunk,7221
dmitryax/opentelemetry-collector-contrib,7197
Skyrat-SS13/Skyrat-tg,7187
microsoft/vcpkg,7184
cagov/cannabis.ca.gov,7139
intel/llvm,7127
TencentBlueKing/bk-monitor,7119
ovh/manager,7056
gravitee-io/gravitee-api-management,7037
cloudquery/cloudquery,7022
AudiusProject/audius-protocol,7014
appsmithorg/appsmith,7008
nanolith/libcparse,6996
gitarcode-test/kafka-statsd-metrics2,6988
MicrosoftDocs/azure-docs,6946
zulip/zulip,6943
apache/shardingsphere,6940
ethereum-optimism/optimism,6922
kubernetes/website,6919
alltheplaces/alltheplaces,6908
noroutine/upstream,6887
renovatebot/renovate,6862
mastodon/mastodon,6849
run-llama/llama_index,6849
apache/superset,6839
azure-sdk/azure-sdk-for-net,6800
apache/nuttx,6787
gitarcode-test/chancery,6784
l2beat/l2beat,6770
contentful/apps,6768
lowRISC/opentitan,6766
istio/istio,6764
deckhouse/deckhouse,6747
TMLeague/TMLeague.github.io,6740
thirdweb-dev/js,6730
redpanda-data/redpanda,6725
raycast/extensions,6720
autowarefoundation/autoware.universe,6713
thoughtspot/thoughtspot-docs,6711
fang-yj/freenode,6668
ansys/ansys-tools-repo-sync,6632
pingcap/docs-cn,6624
github/docs,6611
pola-rs/polars,6606
mo9a7i/time_now,6605
gitarcode-test/plog,6575
konflux-qe-bd/retrodep,6566
systemd/systemd,6562
dhis2/dhis2-core,6525
opensearch-project/OpenSearch,6521
mohamedsabil83/lang,6512
DefiLlama/defillama-server,6502
apache/kafka,6501
deepflowio/deepflow,6495
astral-sh/ruff,6492
cosmos/cosmos-sdk,6481
jhipster/generator-jhipster,6471
aptos-labs/aptos-core,6468
conan-io/conan-center-index,6466
google/jax,6462
brotherlogic/discovery,6426
konflux-qe-bd/pip-e2e-test,6411
mozilla-mobile/firefox-ios,6397
bevyengine/bevy,6387
calcom/cal.com,6383
medusajs/medusa,6371
trezor/trezor-suite,6367
contentful/marketplace-partner-apps,6359
chillbram/attributes,6353
elastic/beats,6330
immich-app/immich,6327
TencentBlueKing/blueking-dbm,6317
betagouv/beta.gouv.fr,6291
brotherlogic/executor,6275
dfinity/oisy-wallet,6268
zemn-me/monorepo,6261
trinodb/trino,6256
PrefectHQ/prefect,6255
goauthentik/authentik,6212
woocommerce/woocommerce-test-reports,6212
navikt/pensjon-etterlatte-saksbehandling,6209
scylladb/scylladb,6201
soenneker/soenneker.redis.util,6186
n8n-io/n8n,6170
azure-sdk/azure-powershell,6159
nrwl/nx,6159
girichinna27/backstage-1,6158
nodejs/node,6155
apple/swift,6146
open-metadata/OpenMetadata,6145
firezone/firezone,6142
konflux-qe-bd/fbc-sample-repo,6117
nikgapps/config,6077
anza-xyz/agave,6067
angular/angular,6065
freeCodeCamp/freeCodeCamp,6055
department-of-veterans-affairs/caseflow,6038
neovim/neovim,6036
ccxt/ccxt,6033
Azure/azure-sdk-for-js,6020
cardano-foundation/cardano-token-registry,6019
iftg7n/Test,5992
Azure/bicep,5955
dylansnyk/backstage,5954
elfhosted/myprecious,5953
1024pix/pix,5951
grafana/loki,5951
ParadiseSS13/Paradise,5947
spectrocloud/librarium,5945
truecharts/public,5939
microsoft/azurelinux,5938
payloadcms/payload,5936
soenneker/soenneker.runners.nuget,5899
twentyhq/twenty,5898
sonic-net/sonic-buildimage,5895
openline-ai/openline-customer-os,5884
Unleash/unleash,5884
taiga-family/taiga-ui,5878
bluesky-social/social-app,5874
lvce-editor/lvce-editor,5869
CatChen/accept-to-ship-action,5868
jhipster/jhipster-lite,5863
commaai/openpilot,5853
BerriAI/litellm,5846
SatelliteQE/robottelo,5842
coder/coder,5837
facebookincubator/velox,5836
dotnet/roslyn,5835
toeverything/AFFiNE,5831
mui/material-ui,5829
afzalkilledar/backstage,5810
NVIDIA/NeMo,5795
scalr-automation/terraform-scalr-nested,5789
KBVE/kbve,5778
MJPeppersdev/mjpeppersdev,5778
vespa-engine/vespa,5765
ruby/ruby,5715
centreon/centreon,5713
obsidianmd/obsidian-releases,5678
OpenHUTB/carla_cpp,5678
soenneker/soenneker.validators.email.disposable.online,5654
GoogleCloudPlatform/magic-modules,5652
scalr-automation/terraform-scalr-nested-mirror5,5621
acemod/arma3-wiki,5616
fatsheep9146/opentelemetry-collector-contrib,5616
brotherlogic/sonosbridge,5602
kumahq/kuma,5599
dfinity/ic,5578
neondatabase/neon,5572
hashicorp/terraform-provider-aws,5568
opf/openproject,5557
servo/servo,5557
eiriksm/test-public,5544
DIYgod/RSSHub,5510
DimensionDev/firefly.mask.social,5478
electron/electron,5454
sourcegraph/cody,5441
swiftlang/swift,5439
MetaMask/metamask-mobile,5435
getsentry/sentry-javascript,5427
starkware-libs/sequencer,5414
qgis/QGIS,5411
mattermost/mattermost,5395
FreeCAD/FreeCAD,5394
civicrm/civicrm-core,5387
virt-s1/rhel-edge,5385
ggerganov/llama.cpp,5363
denoland/deno,5346
DefinitelyTyped/DefinitelyTyped,5345
grafana/mimir,5343
LedgerHQ/ledger-live,5328
kyma-project/test-infra,5322
redhat-appstudio-qe-no-app/secret-lookup-sample-repo-two,5308
mdn/browser-compat-data,5301
openshift/hypershift,5298
paritytech/polkadot-sdk,5298
help-me-mom/ng-mocks,5291
mugijiru/.emacs.d,5274
hashgraph/hedera-services,5258
hmislk/hmis,5241
oven-sh/bun,5228
TravelMapping/UserData,5228
xmake-io/xmake-repo,5225
go-gitea/gitea,5217
Labrethonie/test-automation,5212
clearlydefined/curated-data,5205
hmcts/civil-citizen-ui,5200
cdklabs/construct-hub-probe,5192
Opentrons/opentrons,5182
SerenityOS/serenity,5171
DTS-STN/canadian-dental-care-plan,5168
zhifana/bounty-targets-data,5167
SwanseaUniversityMedical/DARE-Control,5166
duckdb/duckdb,5161
dreammall-earth/dreammall.earth,5158
php/php-src,5156
ant-design/ant-design,5155
scalr-automation/terraform-scalr-nested-mirror1,5155
scalr-automation/terraform-scalr-nested-mirror2,5154
prowler-cloud/prowler,5151
scalr-automation/terraform-scalr-nested-mirror4,5147
getsolus/packages,5145
transcom/mymove,5138
breadboard-ai/breadboard,5133
taikoxyz/taiko-mono,5129
getsentry/sentry-docs,5118
Graylog2/graylog2-server,5115
mosip/mosip-config,5105
gitarcode-test/okhttp,5101
ArduPilot/ardupilot,5100
KrishnaKTechnocredits/Jan24_Java,5100
ppc64le-cloud/builds,5079
eweOS/packages,5078
CitizenLabDotCo/citizenlab,5064
pisilinux/main,5062
laravel/framework,5057
cms-sw/cmssw,5056
cloudforet-io/console,5051
msys2/MINGW-packages,5048
ministryofjustice/modernisation-platform,5047
odoo/documentation,5047
attribsolutions/DeepManthan,5046
dotnet/aspire,5041
microsoft/onnxruntime,5033
web-infra-dev/rspack,5020
kubernetes-sigs/cloud-provider-azure,5015
mistodon/opentelemetry-collector-contrib,5013
scalr-automation/terraform-scalr-nested-mirror3,5011
DataDog/integrations-core,5005
xvrh/pub-scores,5000
codesandbox/sandbox-templates,4995
brotherlogic/gobuildmaster,4990
containers/podman-desktop,4986
root-project/root,4983
tldr-pages/tldr,4980
apache/beam,4974
toeverything/blocksuite,4969
scalar/scalar,4967
soenneker/soenneker.blazor.utils.interopeventlistener,4957
redhat-appstudio-qe/konflux-test-integration-status-report,4952
NovaSector/NovaSector,4950
JuliaLang/julia,4947
perryhuynh/homelab,4935
apache/iotdb,4923
KittyCAD/modeling-app,4922
gamoutatsumi/dotfiles,4920
mlflow/mlflow,4920
ICTU/quality-time,4918
konflux-qe-bd/docker-file-from-scratch,4911
boxp/arch,4907
fern-api/fern,4907
NodeScriptLang/infrastructure,4903
pandas-dev/pandas,4903
argoproj/argo-cd,4893
redhat-appstudio-qe/konflux-test-integration-with-env,4885
aabmass/opentelemetry-collector-contrib,4871
flutter/packages,4868
leanprover/lean4,4862
eugenp/tutorials,4845
soenneker/soenneker.extensions.datetime.suite,4836
nanolith/dangerfarm_contact,4831
paduszyk/reactor,4831
mP1/walkingkooka-spreadsheet-dominokit,4823
facebook/react,4821
JaredTan95/opentelemetry-collector-contrib,4804
rancher/rancher,4793
soenneker/soenneker.blazor.tomselect,4786
poad/github-pull-request-auto-merge-enable-action,4785
Rewrite0/temp,4776
langchain-ai/langchainjs,4772
brain-tec/design-themes,4768
gitarcode-test/timber,4765
seanmcquaid/mcquaid-stacks-cli,4762
aws-aemilia-hkg/Github-PR-Commit-Integration-Test-DoNotTouch-GitH-MJCD6L4M-v1-preprod-ap-east-1,4756
soenneker/soenneker.extensions.object,4756
balintzs/opentelemetry-collector-contrib,4744
web-infra-dev/rsbuild,4743
CollaboraOnline/online,4714
artem-shorokhov/opentelemetry-collector-contrib,4712
soenneker/soenneker.validators.email.disposable,4710
pulumi/docs,4702
code-423n4/code423n4.com,4692
grpc/grpc,4683
mui/mui-x,4683
rails/rails,4683
Mergifyio/docs,4675
gitbutlerapp/gitbutler,4661
X-oss-byte/Nextjs,4661
opensearch-project/OpenSearch-Dashboards,4653
CDCgov/prime-reportstream,4642
markpendlebury/ultrawide-wallpapers,4640
thisisbalu/exception-decoded,4633
Azure/azure-powershell,4621
apache/incubator-gluten,4620
langflow-ai/langflow,4618
googleapis/google-cloud-dotnet,4614
tastyhotdog1337/backstage,4607
newjersey/navigator.business.nj.gov,4603
alexperez52/opentelemetry-collector-contrib,4589
medusajs/medusa-starter-default,4588
al-mabsut/muslimah,4580
curl/curl,4579
kubernetes/test-infra,4575
Alvillarroel/Laravel-lang,4570
miasvanklei/gentoo,4556
NigelBreslaw/guardian-ghost,4556
mar4uk/opentelemetry-collector-contrib,4552
opensearch-project/documentation-website,4549
hmcts/civil-service,4546
amfoss/amPlace_contribution,4544
gradle/gradle,4538
buildbuddy-io/buildbuddy,4535
my-git9/opentelemetry-collector-contrib,4535
os-autoinst/os-autoinst-distri-opensuse,4532
elementor/elementor,4530
keiyoushi/extensions-source,4520
trustwallet/assets,4518
github/codeql,4513
shilxfly/cvelistV5,4507
dotnet/maui,4500
weaviate/weaviate,4500
yunionio/cloudpods,4500
pulumi/registry,4499
snyk-test/goof,4494
mudler/LocalAI,4487
truenas/middleware,4487
easybuilders/easybuild-easyconfigs,4484
bigbeartechworld/big-bear-casaos,4481
camunda/zeebe,4470
sveltejs/svelte,4470
apache/datafusion,4456
arcjet/arcjet-js,4450
microsoft/semantic-kernel,4446
ag-grid/ag-charts,4445
microsoft/playwright,4442
DevExpress/DevExtreme,4432
home-assistant/frontend,4427
lightdash/lightdash,4427
okxlin/appstore,4424
apache/arrow,4423
langfuse/langfuse,4418
OneKeyHQ/app-monorepo,4412
4k4xs4pH1r3/artemisa,4410
anuragverma108/SwapReads,4406
metasfresh/metasfresh,4402
gregoryfranklin/opentelemetry-collector-contrib,4394
hieudoanm/hieudoanm,4393
LadybirdBrowser/ladybird,4390
rolldown/rolldown,4378
kernel-patches/bpf,4373
brotherlogic/filecopier,4369
cometbft/cometbft,4364
sanity-io/sanity,4362
haraldkoch/kochhaus-home,4350
codeboten/opentelemetry-collector-contrib,4339
hashicorp/terraform-provider-google,4334
makeplane/plane,4330
youtube/cobalt,4328
clerk/javascript,4327
rerun-io/rerun,4326
custodian-sample-org/openai-quickstart-python,4322
rust-lang/crates.io,4317
TryGhost/Ghost,4315
tfevan/laravel-language,4314
ag-ramachandran/opentelemetry-collector-contrib,4306
OPS-E2E-PPE/docs-archive-test-source,4296
thmshmm/opentelemetry-collector-contrib,4296
DaoCloud/DaoCloud-docs,4293
soenneker/soenneker.extensions.httpclient,4293
musescore/MuseScore,4291
meshery/meshery,4290
sws2apps/organized-app,4283
sincejune/opentelemetry-collector-contrib,4276
gitarcode-test/ktor,4273
ydb-platform/nbs,4268
ente-io/ente,4264
spiceai/spiceai,4260
datahub-project/datahub,4255
wasmCloud/wasmCloud,4250
customeros/customeros,4246
goonstation/goonstation,4243
hannibal002/SkyHanni,4239
open-o11y/opentelemetry-collector-contrib,4238
unoplatform/uno,4234
goatcorp/DalamudPluginsD17,4225
gitarcode-test/kotlinx.coroutines,4214
bcgov/platform-services-registry,4212
CCBlueX/LiquidBounce,4212
digital-asset/daml,4203
octocat/Spoon-Knife,4202
openwrt/packages,4199
Homebrew/brew,4191
JuliaPackaging/Yggdrasil,4190
ONDC-Official/v1.2.0-logs,4182
signalco-io/signalco,4178
Appdynamics/opentelemetry-collector-contrib,4176
microsoft/kiota-samples,4169
activepieces/activepieces,4168
elastic/integrations,4167
aws/aws-cdk,4166
cloudflare/cloudflare-go,4166
dotnet/aspnetcore,4158
GCTC-NTGC/gc-digital-talent,4158
openwrt/openwrt,4156
soenneker/soenneker.cosmos.suite,4154
harness-automation/Gitx-automation,4150
cosmos/chain-registry,4142
PostHog/posthog.com,4142
RocketChat/Rocket.Chat,4139
ethereum/ethereum-org-website,4131
GaloyMoney/charts,4130
hashintel/hash,4130
CodeHarborHub/codeharborhub.github.io,4128
OISF/suricata,4128
Monkestation/Monkestation2.0,4125
abpframework/abp,4124
juspay/hyperswitch,4110
ecamp/ecamp3,4108
gitarcode-test/leakcanary,4105
geislor/backstage,4097
coolguy1771/home-ops,4095
sethAmazon/opentelemetry-collector-contrib,4094
redhat-appstudio/infra-deployments,4090
matter-labs/zksync-era,4089
move-cn/letsmove,4088
rapidsai/cudf,4086
ss220-space/Paradise,4084
hfyafter/create-pull-request,4081
markvoll/opentelemetry-collector-contrib,4079
jlord/patchwork,4077
stacklok/minder,4074
mlrun/mlrun,4073
kestra-io/kestra,4070
hashicorp/terraform-provider-google-beta,4069
DefectDojo/django-DefectDojo,4063
huaweicloud/terraform-provider-huaweicloud,4062
dotnet/installer,4059
symfony/symfony,4053
kubevirt/kubevirt,4048
mobbcitestjob/Mobb-Fixer-Demo-Checkmarx,4042
duneanalytics/spellbook,4036
soenneker/soenneker.blazor.filepond,4024
gitarcode-test/gogs,4023
nextcloud/spreed,4019
cloudflare/cloudflare-python,4018
dream-num/univer,4018
JesusFilm/core,4013
scylladb/scylla-cluster-tests,4012
netdata/netdata,4010
novuhq/novu,4009
wandb/weave,4005
aws-aemilia-hkg/Github-PR-Commit-Integration-Test-DoNotTouch-GitHubAutoBuildPrPreviewCanaryTest-v1-prod-ap-east-1,3995
projectdiscovery/nuclei-templates,3991
nocobase/nocobase,3982
elastic/apm-server,3975
omni-network/omni,3973
OpenDevin/OpenDevin,3966
CHOMPStation2/CHOMPStation2,3964
pancakeswap/pancake-frontend,3961
fedimint/fedimint,3946
OpenLiberty/open-liberty,3943
dxos/dxos,3941
docker-library/official-images,3939
aewag/physical-attack-collection,3937
FRRouting/frr,3926
firedancer-io/firedancer,3925
blakeblackshear/frigate,3923
dagger/dagger,3923
mrdoob/three.js,3920
apache/iceberg,3916
cloudflare/cloudflare-typescript,3916
1Panel-dev/appstore,3913
hashicorp/terraform-provider-azurerm,3912
wso2/identity-apps,3909
backstage/community-plugins,3908
open-telemetry/opentelemetry-collector,3908
maestro-auth-test/maestro-test3,3906
brotherlogic/bandcampserver,3903
getsentry/tacos-gha.demo,3902
projectnessie/nessie,3902
hcengineering/platform,3901
polarsource/polar,3899
aio-libs/aiohttp,3898
krezh/dextek,3898
manwar/perlweeklychallenge-club,3893
kamranahmedse/developer-roadmap,3891
SlashNephy/infrastructure,3891
batocera-linux/batocera.linux,3890
brotherlogic/gobuildslave,3886
systeminit/si,3883
ocaml/opam-repository,3881
apache/pinot,3878
nf-core/modules,3878
daos-stack/daos,3872
soenneker/soenneker.servicebus.transmitter,3872
aperture-sci/trio-app,3870
redhat-appstudio-qe/devfile-sample-hello-world-clone,3868
stdlib-js/stdlib,3865
duckdb/duckdb-web,3856
github/dmca,3854
civiform/civiform,3852
DARPA-ASKEM/terarium,3847
danswer-ai/danswer,3830
canonical/repo-policy-compliance-tests,3828
mergifyio-testing/functional-testing-repo-lecrepont01,3828
soenneker/soenneker.sendgrid.contacts,3818
szinn/k8s-homelab,3816
USA-RedDragon/home-cluster-flux,3810
microsoft/BCApps,3805
vercel/ai,3804
jeremybanka/wayforge,3802
casaub0n/casaub0n,3799
bazelbuild/bazel-central-registry,3792
h3mmy/bloopySphere,3789
WeblateOrg/weblate,3784
govuk-one-login/authentication-api,3776
soenneker/soenneker.git.util,3775
openedx/edx-platform,3765
openobserve/openobserve,3765
davidrunger/david_runger,3760
TouK/nussknacker,3753
LibreSign/libresign,3752
ToolJet/ToolJet,3752
mediumkreation/IndianList,3747
biomejs/biome,3738
hashicorp/nomad,3736
bakaphp/kanvas-ecosystem-api,3735
cmss13-devs/cmss13,3734
ethereum-lists/chains,3734
TBD54566975/ftl,3731
tgstation/TerraGov-Marine-Corps,3728
SSWConsulting/SSW.Rules.Content,3727
Arize-ai/phoenix,3722
GoogleCloudPlatform/k8s-config-connector,3722
alanwest/opentelemetry-collector-contrib,3719
tailcallhq/tailcall,3717
inventree/InvenTree,3712
DevDegree/eng-intern-challenge,3699
vitessio/vitess,3699
nuxt/nuxt,3696
python/typeshed,3696
RealEskalate/a2sv-g5-project-phase-starter-project,3693
mdn/yari,3692
ekenheim/home-ops-upgrade,3685
runelite/plugin-hub,3676
traceloop/openllmetry,3675
infiniflow/ragflow,3671
ziglang/zig,3651
mergifyio-testing/functional-testing-repo-DouglasBlackwood,3645
openshift/cincinnati-graph-data,3638
TabbyML/tabby,3638
dfinity/nns-dapp,3634
infonl/dimpact-zaakafhandelcomponent,3634
ProcessMaker/processmaker,3630
soenneker/soenneker.instantly.leads,3626
soenneker/soenneker.blob.download,3625
cloudflare/workers-sdk,3613
prestodb/presto,3610
SynthstromAudible/DelugeFirmware,3610
open-telemetry/opentelemetry-java-instrumentation,3607
mozilla/fxa,3603
iree-org/iree,3597
rilldata/rill,3597
soenneker/soenneker.cosmos.client,3597
TykTechnologies/tyk-docs,3597
stripe/stripe-android,3595
WordPress/wordpress-develop,3594
camunda/connectors,3593
kernel-patches/bpf-rc,3590
starkware-libs/cairo,3590
brotherlogic/recordadder,3581
Horiodino/bsf,3581
Unity-Technologies/opentelemetry-collector-contrib,3578
ankidroid/Anki-Android,3576
termux/termux-packages,3576
zalando-incubator/kubernetes-on-aws,3566
redwoodjs/redwood,3565
gitarcode-test/TypeScript,3562
tyriis/home-ops,3562
openshift/lightspeed-service,3561
Fellowship-Org/hercules-tools,3559
pypi/warehouse,3559
vlang/v,3558
OpenCTI-Platform/opencti,3557
syncfusion-content/blazor-docs,3555
david-fiaty/jam-native,3554
googleapis/elixir-google-api,3551
onedr0p/home-ops,3551
Innoverenit/hrcrm-nuboxed,3548
Chia-Network/chia-blockchain,3545
gitarcode-test/compose-multiplatform,3542
dotnet/dotnet-monitor,3539
enso-org/enso,3538
wandb/wandb,3535
containerbase/base,3534
hibernate/hibernate-orm,3533
withastro/astro,3533
microsoft/fluentui,3530
web-platform-tests/wpt-metadata,3530
gitarcode-test/guava,3529
pyca/cryptography,3528
cuichenli/opentelemetry-collector-contrib,3525
danielnachun/recipe_staging,3524
ibis-project/ibis,3523
gravitee-io/gravitee-access-management,3522
redhat-openshift-ecosystem/community-operators-prod,3520
hashgraph/hedera-mirror-node,3517
ultralytics/ultralytics,3516
larivierec/home-cluster,3515
flathub-infra/website,3512
Effect-TS/effect,3510
googleapis/google-api-php-client-services,3507
elifesciences/enhanced-preprints-e2e,3505
soenneker/soenneker.redis.suite,3505
brotherlogic/dstore,3504
axelor/axelor-open-suite,3503
gardener/gardener,3500
linux-riscv/linux-riscv,3500
JanssenProject/jans,3496
mondoohq/cnquery,3495
ppy/osu-wiki,3495
chimera-linux/cports,3485
Scille/parsec-cloud,3483
OpenRailAssociation/osrd,3482
Vikaspogu/k8s-gitops,3481
anyproto/anytype-swift,3478
azerothcore/azerothcore-wotlk,3478
aws-powertools/powertools-lambda-python,3476
elastic/elastic-agent,3473
emqx/emqx,3473
ILIAS-eLearning/ILIAS,3473
Gahon1995/live,3472
apache/druid,3467
ollama/ollama,3461
hmcts/sds-flux-config,3457
huggingface/diffusers,3456
oracle/graal,3454
open-chat-labs/open-chat,3452
Ornias1993/cluster,3451
Helicone/helicone,3450
29ki/29k,3448
OSGeo/gdal,3448
pulumi/pulumi,3448
oxidecomputer/omicron,3443
Fiserv/card-developer,3442
wireapp/wire-webapp,3441
chromebrew/chromebrew,3439
tangem/tangem-app-android,3434
apt-repositories/debian,3433
multiversx/mx-assets,3430
aws/jsii-rosetta,3428
soenneker/soenneker.queue.client,3428
mozilla/bigquery-etl,3427
terrapkg/packages,3427
qmk/qmk_firmware,3426
Samsung/ONE,3426
esphome/esphome,3423
matt-fff/testrep-dev2,3417
VoRe-ss13/ss13,3407
marimo-team/marimo,3406
BIBSYSDEV/NVA-Frontend,3405
michael0420/badou-ai-special-2024,3404
endoflife-date/endoflife.date,3399
snyk/dev-null,3398
soenneker/soenneker.servicebus.message,3398
gardener/ci-infra,3397
18F/identity-idp,3394
noir-lang/noir,3386
containers/podman,3384
microsoft/autogen,3383
kyverno/kyverno,3381
netology-code/git-2-homeworks-pr,3381
soenneker/soenneker.utils.string,3380
google/device-infra,3378
saleor/saleor,3377
digicert/reports,3374
mP1/walkingkooka-spreadsheet,3371
charmverse/app.charmverse.io,3369
ZukaBri3k/AlhaizBreizh,3366
langchain-ai/langgraph,3361
owncloud/ocis,3359
github/advisory-database,3352
ansible/aap-docs,3348
k8s-operatorhub/community-operators,3348
microsoft/testfx,3344
algolia/api-clients-automation,3340
arduino/library-registry,3335
Esri/calcite-design-system,3334
truenas/webui,3334
navikt/mulighetsrommet,3331
microsoft/promptflow,3328
by-The-Lindemans/wellium,3327
aws/eks-anywhere,3323
Card-Forge/forge,3323
openshift-eng/ocp-build-data,3323
datafuselabs/databend,3321
bazelbuild/bazel,3319
gitarcode-test/vscode,3317
Sylius/Sylius,3317
woocommerce/woocommerce-ios,3315
nocodb/nocodb,3314
envoyproxy/gateway,3312
UK-Export-Finance/exip,3304
dotCMS/core,3302
sgl-project/sglang,3302
xamarin/xamarin-macios,3302
soenneker/soenneker.blob.upload,3300
apache/ignite-3,3297
bigbluebutton/bigbluebutton,3294
chapel-lang/chapel,3294
rabbitmq/rabbitmq-server,3289
hofferkristof/laravel-lang,3284
braze-inc/braze-docs,3283
qdrant/qdrant,3283
scio-test-two/new-public-repro-scio-test-two,3283
aws/aws-toolkit-vscode,3280
Fatal1tyBarucco/chatbot-ui,3276
kubernetes-sigs/kueue,3276
flix/flix,3274
prashant-softel/CMMS_UI,3274
timurmelnikov/lang,3274
adap/flower,3273
gip-inclusion/les-emplois,3272
Earlo/fate,3269
LunarClient/ServerMappings,3269
salto-io/salto,3268
nushell/nushell,3266
fragment-dev/homebrew-tap,3265
tldraw/tldraw,3265
All-Hands-AI/OpenHands,3262
apache/hudi,3262
fro-bot/.github,3260
redhat-appstudio-qe/devfile-sample-python-basic-test2,3260
nginxinc/kubernetes-ingress,3255
redhat-openshift-ecosystem/certified-operators,3254
datastrato/gravitino,3251
intel/intel-xpu-backend-for-triton,3249
cloudnative-pg/cloudnative-pg,3248
web-platform-dx/web-features,3248
soenneker/soenneker.github.client,3246
synapsecns/sanguine,3244
stuttgart-things/stuttgart-things,3238
dmfrey/home-gitops,3236
apache/flink,3235
kamilkisiela/graphql-hive,3225
Aurorastation/Aurora.3,3214
open-webui/open-webui,3214
valora-inc/wallet,3210
MeshInspector/MeshLib,3203
vim/vim,3200
dotnet/AspNetCore.Docs,3194
harryzwh/winget-pkgs,3194
Portkey-Wallet/portkey-wallet,3194
soenneker/soenneker.redis.util.server,3189
vaadin/flow,3189
apollographql/router,3188
glpi-project/glpi,3182
nucleuscloud/neosync,3181
fshowalter/franksmovielog.com,3179
unlock-protocol/unlock,3179
scikit-learn/scikit-learn,3178
soenneker/soenneker.google.searchindex,3176
vectordotdev/vector,3175
DataDog/system-tests,3173
tangem/tangem-app-ios,3172
anurag-harness/kafka,3168
pdelewski/opentelemetry-collector-contrib,3167
prisma/prisma-examples,3166
soenneker/soenneker.sendgrid.client,3164
guardian/dotcom-rendering,3162
ArkStation13/Ark-Station-13,3161
infinispan/infinispan,3161
konsumation/frontend-svelte,3161
Silent4Devs/suite-web,3159
hmcts/civil-ccd-definition,3158
bytecodealliance/wasmtime,3157
equinor/ert,3156
osmosis-labs/osmosis,3156
dydxprotocol/v4-chain,3155
SchwarzIT/onyx,3154
yamada-ui/yamada-ui,3154
metriport/metriport,3151
NVIDIA/Fuser,3151
soenneker/soenneker.blob.container,3151
new-frontiers-14/frontier-station-14,3147
kkhys/me,3144
soenneker/soenneker.blob.sas,3144
UNDP-Data/geohub,3143
VenusProtocol/venus-protocol-interface,3141
suzuki-shunsuke/tfaction-example,3140
near/nearcore,3139
martinvonz/jj,3136
shapeshift/web,3136
davralin/cluster-ops,3135
HieuVM6868/GetBeanProject,3135
river-build/river,3131
openssl/openssl,3130
soenneker/soenneker.queue.service,3130
randovania/randovania,3124
UiPath-Platform/testrepos,3124
fyscs/cs2,3123
RedRoverSchool/JenkinsQA_2024_spring,3121
rotki/rotki,3121
google/XNNPACK,3114
wipash/homelab,3114
coinbase/onchainkit,3109
solliancenet/foundationallm,3107
ovh/docs,3106
sunflower-land/sunflower-land,3105
zanfranceschi/rinha-de-backend-2024-q1,3105
ansible/ansible-ui,3104
authelia/authelia,3104
ExodusIntelligence/demisto-dockerfiles,3099
NangoHQ/nango,3099
Dynatrace/dynatrace-operator,3095
soenneker/soenneker.redis.lock,3093
thewca/worldcubeassociation.org,3093
TCmanna/brookeafk-api,3092
artsy/force,3091
brotherlogic/recordsorg,3088
ministryofjustice/analytical-platform,3086
numpy/numpy,3086
soenneker/soenneker.google.credentials,3085
yunionio/dashboard,3085
doocs/leetcode,3084
ppc64le/build-scripts,3082
Significant-Gravitas/AutoGPT,3079
demos-europe/demosplan-core,3077
ravendb/ravendb,3076
brotherlogic/recordgetter,3075
uclouvain/osis-admission,3075
parti-renaissance/espace-adherent,3070
dependabot/dependabot-core,3068
auricom/home-ops,3065
nymtech/nym-vpn-client,3065
sanity-io/visual-editing,3065
arlac77/sync-test-repository,3063
gitarcode-test/thrifty,3063
espoon-voltti/evaka,3061
M1XZG/M1XZG,3060
rodent1/home-ops,3060
w5s/renovate-config,3054
soenneker/soenneker.swashbuckle.authentication,3052
mendix/docs,3051
pass-culture/pass-culture-app-native,3048
soenneker/soenneker.documents.document,3044
brotherlogic/recordsorganiser,3043
foundry-rs/foundry,3042
ministryofjustice/Claim-for-Crown-Court-Defence,3040
google/it-cert-automation-practice,3036
openstack-k8s-operators/ci-framework,3036
apache/ozone,3035
RMC-14/RMC-14,3035
Koenkk/zigbee-herdsman-converters,3032
networkservicemesh/deployments-k8s,3028
TEAMSchools/teamster,3022
IGinX-THU/IGinX,3020
dbt-labs/docs.getdbt.com,3018
soenneker/soenneker.twilio.restclient,3018
LeTraceurSnork/WordPress-Security-Advisories,3017
signalfx/splunk-otel-collector,3017
lovesegfault/nix-config,3016
OpenAPITools/openapi-generator,3016
folio-org/stripes-testing,3013
rwlove/home-ops,3008
ArchipelagoMW/Archipelago,3007
keymanapp/keyman,3007
sapcc/helm-charts,3006
docker/docs,3004
hebbet/Laravel-lang,3003
pixiebrix/pixiebrix-extension,3003
buroa/k8s-gitops,3002
promptfoo/promptfoo,3002
geneontology/go-ontology,3001
GreptimeTeam/greptimedb,3000
intel-analytics/ipex-llm,2999
lobehub/lobe-chat,2997
storybookjs/storybook,2995
strapi/strapi,2990
soenneker/soenneker.validators.email.mx,2989
mouredev/hello-git,2988
unkeyed/unkey,2988
Bubberstation/Bubberstation,2985
CorporationX/user_service,2985
soenneker/soenneker.validators.zipcode.exists,2984
soenneker/soenneker.youtube.client,2983
soenneker/soenneker.servicebus.suite,2982
juju/juju,2978
prometheus/prometheus,2976
soenneker/soenneker.documents.named,2976
sathishvjd/backstage,2973
AppFlowy-IO/AppFlowy,2972
hashicorp/consul,2971
gitarcode-test/apollo,2970
ledgerwatch/erigon,2970
joryirving/home-ops,2969
googleapis/discovery-artifact-manager,2967
tailscale/tailscale,2967
adobecom/milo,2966
windmill-labs/windmill,2964
emeryberger/CSrankings,2961
frankframework/frankframework,2959
Azure/azureml-assets,2958
crate/crate,2958
tvories/k8s-gitops,2957
yedarm2/ydkim,2957
DFE-Digital/education-benchmarking-and-insights,2954
budimanjojo/home-cluster,2952
candrews/jumpstart,2952
soenneker/soenneker.cosmos.serializer,2952
poad/examples,2945
PrairieLearn/PrairieLearn,2943
ahinko/home-ops,2942
PaddlePaddle/PaddleNLP,2942
DeepakReddyG/ZeroOneCodeClub_FirstWebDevProject,2941
soenneker/soenneker.blob.delete,2941
dfinity/portal,2940
FabianaCampanari/FabianaCampanari,2940
soenneker/soenneker.utils.json,2938
tonkeeper/ton-assets,2938
determined-ai/determined,2936
SAP/ui5-webcomponents,2936
open-telemetry/opentelemetry-go-contrib,2935
angular/angular-cli,2932
SkylineCommunications/dataminer-docs,2932
directus/directus,2931
liferay-echo/liferay-portal,2931
artsy/eigen,2930
cdk8s-team/cdk8s-plus,2930
Azure/AgentBaker,2928
Azure/Azure-Sentinel,2927
open-telemetry/opentelemetry.io,2926
terraware/terraware-web,2926
xdslproject/xdsl,2926
soenneker/soenneker.utils.backgroundqueue,2925
mmehta-10/kubernetes-ops,2923
dailydotdev/apps,2922
sagemath/sage,2920
temporalio/temporal,2920
vember31/home-ops,2917
scipy/scipy,2915
Team3132/AttendanceSystem,2915
ls1intum/Artemis,2914
rancher/charts,2914
BastionOfEndeavor/BastionOfEndeavor2,2912
dotnet/docs-aspire,2912
UK-Export-Finance/dtfs2,2911
cbc02009/k8s-home-ops,2910
dotnet/winforms,2907
KV-APAC-DNA/gitdbtadbplt001,2906
soenneker/soenneker.cloudflare.turnstile.validator,2906
brain-score/vision,2904
solana-labs/solana-web3.js,2904
openshift/microshift,2899
aws-aemilia-pdx/Github-PR-Commit-Integration-Test-DoNotTouch-Gith-P5X5MO5I-v1-beta-us-west-2,2895
gitarcode-test/mockito,2895
canonical/lxd,2892
JJGadgets/Biohazard,2891
liferay-core-infra/liferay-portal,2888
vyos/vyos-1x,2888
status-im/status-mobile,2884
infiniflow/infinity,2883
HimanshuNarware/Devlabs,2882
Kong/docs.konghq.com,2881
linkspreed/smm,2879
lfortran/lfortran,2878
SciPhi-AI/R2R,2878
leandrohstein/webfrota-urbs,2876
apache/pulsar,2873
aws-samples/talk-dev-to-me-twitch,2869
pytorch/xla,2869
biomejs/website,2868
NixOS/nix,2868
hicommonwealth/commonwealth,2867
gitarcode-test/gin,2865
devflowinc/trieve,2861
embrace-io/embrace-android-sdk,2861
secondlife/viewer,2859
conda-forge/conda-forge-pinning-feedstock,2858
dropwizard/dropwizard,2858
DataDog/dd-trace-java,2857
istio/istio.io,2856
bibiefrat/bibi-docker-ex1,2853
rhoai-rhtap/kserve,2850
vercel/turbo,2848
global-121/121-platform,2847
status-im/status-desktop,2847
cloudflare/terraform-provider-cloudflare,2845
googleapis/google-cloud-go,2840
javydekoning/homelab,2840
techmatters/terraso-mobile-client,2838
bitfoundation/bitplatform,2837
dimagi/commcare-hq,2837
meshtastic/firmware,2837
woocommerce/woocommerce-android,2837
libsdl-org/SDL,2835
psychobolt/vite-storybook-boilerplate,2833
GSYBD/SXLNLP,2832
ruffle-rs/ruffle,2832
datalens-tech/datalens-ui,2831
logto-io/logto,2830
scaleway/docs-content,2826
opfab/operatorfabric-core,2820
ponkio-o/dotfiles,2819
Walkover-Web-Solution/Giddh-New-Angular4-App,2817
ethereum/go-ethereum,2814
soenneker/soenneker.google.indexingservice,2814
AlexTomAQA/TestCapitalComPySe,2813
DeltaV-Station/Delta-v,2812
gradio-app/gradio,2811
platformatic/platformatic,2810
testmail-ihub/MergePullRequest-Repo,2808
binary-com/deriv-com,2807
dovanxinh02111997/test_fork,2806
nhsuk/manage-vaccinations-in-schools,2804
yaklang/yaklang,2799
kubernetes/minikube,2796
lunar-linux/moonbase-other,2796
lvgl/lvgl,2795
snowflakedb/snowpark-python,2795
succinctlabs/sp1,2795
Chia1104/chia1104.dev,2794
hmcts/darts-api,2793
checkstyle/checkstyle,2788
phishinqi/TrackersList,2787
bitcoin/bitcoin,2784
Azure/communication-ui-library,2781
erigontech/erigon,2781
webdriverio/webdriverio,2781
pangeacyber/pangea-javascript,2779
ForumMagnum/ForumMagnum,2777
VirtoCommerce/vc-deploy-dev,2776
highlight/highlight,2775
specklesystems/speckle-server,2775
soenneker/soenneker.documents.audit,2774
digitalservicebund/ris-backend-service,2773
H0llyW00dzZ/My-RESTAPIs-Boilerplate,2769
MatheMatrix/zstack,2769
react-native-oh-library/RNOHDCS,2768
MaibornWolff/SecObserve,2767
MisileLab/h3,2767
odoo/o-spreadsheet,2767
Caneta-Silva/weeb,2765
modal-labs/modal-client,2765
rustdesk/rustdesk,2765
eclipse-apoapsis/ort-server,2763
perrin4869/dotfiles,2761
tenstorrent-metal/tt-metal,2760
Qiskit/qiskit,2759
apache/paimon,2758
neinteractiveliterature/intercode,2758
fshowalter/franksbooklog.com,2756
streetsidesoftware/cspell,2756
PrestaShop/PrestaShop,2754
damemi/opentelemetry-collector-contrib,2750
aws-aemilia-pdx/Github-PR-Commit-Integration-Test-DoNotTouch-Gith-OKSLNVO2-v1-beta-us-west-2,2749
wireapp/wire-ios,2747
badou-Michael/badouai-ai-special-2024,2745
emacs-tree-sitter/tree-sitter-langs,2745
ardatan/graphql-mesh,2742
theopensystemslab/planx-new,2741
rh-hideout/pokeemerald-expansion,2733
bjw-s/home-ops,2732
ayush-that/FinVeda,2730
inno-2023-masters/S24-core-course-labs,2729
siglens/siglens,2727
databrickslabs/ucx,2723
scala/scala3,2721
aws/karpenter-provider-aws,2720
dd-center/vdb,2719
slvler/lang,2719
tomacheese/discord-tweet-embedder,2718
bcbi-test/automerge-integration-test-repo,2717
cosmos/ibc-go,2717
FabianaCampanari/SQL_LABS,2716
microsoft/kiota,2716
openshift/installer,2706
mong/mongts,2705
openSUSE/open-build-service,2705
PennyLaneAI/pennylane,2704
ppy/osu,2704
Alfresco/alfresco-process-sdk,2702
mrx7014/mrx7014,2702
SwiftPackageIndex/PackageList,2702
TheOdinProject/curriculum,2702
upesacm/21DaysOfCode-2024,2702
mullvad/mullvadvpn-app,2700
soenneker/soenneker.cosmos.database,2697
apache/gravitino,2696
brotherlogic/recordcleaner,2696
cataclysmbnteam/Cataclysm-BN,2696
mgueye01/home-ops,2695
webstudio-is/webstudio,2693
segmentio/segment-docs,2690
redhat-openshift-ecosystem/certified-operators-preprod,2686
replicatedhq/embedded-cluster,2686
mate-academy/layout_hello-world,2685
moby/moby,2685
mozilla/experimenter,2685
redhat-appstudio-qe/group-snapshot-multi-component,2685
SumoLogic/sumologic-documentation,2685
emscripten-core/emscripten,2683
pixeegithub-testuser4/pixeebot-test-add-codeql-repository,2683
prebid/Prebid.js,2683
continuedev/continue,2682
SerbiaStrong-220/space-station-14,2682
gabe565/home-ops,2681
GovAlta/adsp-monorepo,2680
openmeterio/openmeter,2680
jax-ml/jax,2678
jk-labs-inc/jokerace,2678
astropy/astropy,2676
solana-labs/solana-program-library,2675
linkerd/linkerd2,2672
jdx/mise,2671
jon77p/infrastructure,2670
rafaribe/home-ops,2670
dkw99/home-ops-dev,2669
linode/manager,2666
mchestr/home-cluster,2664
apecloud/kubeblocks,2663
Liquipedia/Lua-Modules,2663
SigNoz/signoz,2663
mnemonic-no/xsoar-dockerfiles,2661
owid/etl,2661
alexaorrico/AirBnB_clone_v2,2660
testcontainers/testcontainers-java,2660
etcd-io/etcd,2659
LordRonz/LordRonz,2658
soenneker/soenneker.utils.dotnet,2658
codeforamerica/vita-min,2657
zed-industries/extensions,2657
GoogleCloudPlatform/terraform-google-conversion,2654
soenneker/soenneker.sendgrid.client.validation,2654
KrishnaKTechnocredits/NOV24_JAVA,2653
apache/nifi,2652
book000/twitter-rss,2652
Mustapha-AJEGHRIR/Mustapha-AJEGHRIR,2651
qlaffont/starter-api,2650
JellyBrick/modern-web-swiss-army-knife,2647
updatecli/updatecli,2647
aziontech/azion-console-kit,2646
drae/k8s-home-ops,2644
Harmon758/Harmonbot,2641
PipedreamHQ/pipedream,2641
haikuports/haikuports,2638
theforeman/foreman-packaging,2637
Gh0stBlade/KAIN2,2636
mmatheson/matt-flake-factory,2635
soenneker/soenneker.utils.nuget,2633
gchq/sleeper,2631
spotinst/help,2631
great-expectations/great_expectations,2630
ARF-SS13/coyote-bayou,2629
Netflix/dispatch,2629
theballaam96/candys-shop,2629
HumanWisdom/development_course,2628
kubernetes-sigs/cluster-api,2628
dmcavinue/home-infra,2626
janus-idp/backstage-plugins,2624
formbricks/formbricks,2623
gitarcode/unleash,2623
VKCOM/VKUI,2623
KhronosGroup/Vulkan-ValidationLayers,2620
haiwen/seahub,2619
jorgeacjitx/dockerfiles,2619
Skaronator/homelab,2616
nextcloud/text,2615
james-p-org-repos/terrafail,2612
soenneker/soenneker.ipqs.phone,2612
evemonk/evemonk,2610
openjournals/joss-papers,2610
armorblox/dockerfiles,2605
ministryofjustice/laa-apply-for-legal-aid,2605
prisma/ecosystem-tests,2605
sigp/lighthouse,2605
concrete-utopia/utopia,2603
yogstation13/Yogstation,2603
mesosphere/kommander-applications,2602
soenneker/soenneker.blob.service,2602
tomacheese/samechan-crawler,2598
cockpit-project/bots,2596
netology-code/andin-code,2596
w5s/project-config,2592
duckduckgo/iOS,2591
janhq/jan,2590
openvinotoolkit/training_extensions,2588
rooch-network/rooch,2588
OZI-Project/OZI,2587
elastic/security-docs,2586
podaac/l2ss-py-autotest,2586
reactos/reactos,2584
zero-to-mastery/start-here-guidelines,2583
oss-review-toolkit/ort,2582
pass-culture/data-gcp,2581
davidsneighbour/hugo-modules,2580
hyperlane-xyz/hyperlane-monorepo,2580
Comfy-Org/ComfyUI_frontend,2576
localstack/localstack,2576
InternLM/Tutorial,2575
medplum/medplum,2575
viamrobotics/docs,2574
pando85/homelab,2573
portefaix/portefaix-kubernetes,2571
ansible-collections/community.general,2569
thomaspoignant/go-feature-flag,2569
tomacheese/pixiv-public-to-private,2568
aws/eks-anywhere-build-tooling,2567
konflux-ci/testrepo,2567
syncfusion-content/ej2-asp-core-mvc-docs,2567
microsoft/typespec,2566
prisma/prisma,2566
neondatabase/website,2564
ilhamlutfi/lang,2563
Homebrew/homebrew-cask-versions,2562
google/gvisor,2560
mukkhtarr/testmj.com,2560
OpenXiangShan/XiangShan,2560
Azure/azure-sdk-for-go,2559
OrchardCMS/OrchardCore,2559
tomacheese/sasuke-dinner-notify,2559
redhat-cop/agnosticd,2557
projectpas/PAS_DB,2556
soenneker/soenneker.redis.client,2556
MinaProtocol/mina,2555
Automattic/pocket-casts-android,2554
DevSecNinja/home,2552
git-town/git-town,2550
trilitech/umami-v2,2550
ag-grid/ag-grid,2549
red-hat-storage/ocs-ci,2547
google/tsl,2546
Budibase/budibase,2544
custodian-sample-org/instructor,2543
galaxyproject/galaxy,2542
MaaAssistantArknights/MaaAssistantArknights,2541
getlago/lago-api,2540
opsmill/infrahub,2540
reitermarkus/automerge,2539
ishioni/homelab-ops,2536
scsbot/spring-petclinic,2536
egovernments/DIGIT-Frontend,2535
carldanley/home-ops,2534
ideacrew/enroll,2534
Kong/kong,2534
ModaOperandi/om,2534
AsyncTI4/TI4_map_generator_bot,2533
ryoppippi/dotfiles,2532
gi8lino/k8s-gitops,2531
homarr-labs/homarr,2527
MicrosoftDocs/msteams-docs,2525
open-condo-software/condo,2523
kubernetes/ingress-nginx,2522
soenneker/soenneker.utils.file,2521
stolostron/rhacm-docs,2520
web-infra-dev/modern.js,2520
openbuildxyz/Web3-Frontend-Bootcamp,2519
wiredtiger/wiredtiger,2519
soenneker/soenneker.redis.client.server,2516
tianocore/edk2,2516
DataDog/dd-trace-dotnet,2515
kuzudb/kuzu,2515
kubernetes/k8s.io,2514
renovatebot/helm-charts,2512
ElectricHermit/vegas-pro-version,2511
LearnNotes2023/jsChallenges,2507
uc-cdis/cdis-manifest,2507
TobikoData/sqlmesh,2505
ministryofjustice/hmpps-approved-premises-api,2503
neo4j/graphql,2502
scantist-ossops-m2/git,2502
tekdi/eg-website,2502
jauderho/dockerfiles,2500
raviqqe/stak,2499
soenneker/soenneker.blazor.utils.session,2499
asakatida/chimera,2497
visualon/docker-renovate,2497
Azure/azure-rest-api-specs-examples,2494
pacstall/pacstall-programs,2494
yotsuba-limited/bsf,2494
dragonflydb/dragonfly,2492
openhab/openhab-addons,2492
homesengland/he-ssp,2491
Xtuden-com/gatsby,2491
boxyhq/ui,2490
vivid-planet/comet,2490
sudo-thoth/2Test,2487
atlbha-faz/backend_atlbha,2485
cloudflare/workerd,2485
microsoft/TypeScript,2483
mozilla/blurts-server,2483
Altinn/altinn-studio,2482
danmar/cppcheck,2482
PublicisSapient/PSknowHOW,2482
getsentry/snuba,2481
soenneker/soenneker.cloudflare.client,2481
SAP/spartacus,2479
chroma-core/chroma,2474
eclipse-openj9/openj9,2474
grafana/oncall,2473
Steve-xmh/amll-ttml-db,2473
airqo-platform/AirQo-api,2472
beyond-all-reason/Beyond-All-Reason,2469
renovatebot/base-image,2469
vercel/vercel,2469
kadena-community/kadena.js,2468
slint-ui/slint,2468
belgattitude/nextjs-monorepo-example,2466
GTNewHorizons/GT5-Unofficial,2466
k0sproject/k0s,2466
ansible/ansible,2465
mietzen/oisd-blocklist-mirror,2464
wazuh/wazuh,2464
build-trust/ockam,2461
googleapis/google-cloud-cpp,2460
nix-community/nixvim,2458
kcrane3576/python-multifile-simple,2457
deepmodeling/abacus-develop,2456
The-OpenROAD-Project/OpenROAD,2456
Azure/LogicAppsUX,2455
mikhailprivalov/l2,2455
owncloud/web,2455
AliceO2Group/AliceO2,2453
damacus/home-ops,2453
ankitnayan/opentelemetry-collector-contrib,2452
db-ui/mono,2451
keephq/keep,2451
kyverno/chainsaw,2450
boxyhq/jackson,2448
BibliothecaDAO/eternum,2447
umbraco/Umbraco.CMS.Backoffice,2447
decentraland/unity-explorer,2446
cdk8s-team/cdk8s-cli,2445
scaleway/ultraviolet,2445
taiga-family/renovate-config,2445
danskernesdigitalebibliotek/dpl-cms,2444
lean-delivery/ansible-role-sonarqube,2444
dhavelock/backstage,2443
Khmelov/ADS2024-02-15,2443
redhat-appstudio/jvm-build-service,2441
osnabrugge/home-ops,2439
shivammathur/homebrew-php,2436
alloy-rs/alloy,2435
ubicloud/ubicloud,2433
JetBrains/ring-ui,2432
philips-validation/github-validation,2432
run-house/runhouse,2432
jenkinsci/jenkins,2431
OSGeo/grass,2431
pvme/pvme-guides,2431
anoma/namada,2429
typescript-eslint/typescript-eslint,2429
openshift/assisted-service,2428
LandSandBoat/server,2427
ogcio/life-events,2427
InfozIT/ATBT_FrontEnd,2425
dotnet/fsharp,2422
luisquintanilla/docs,2420
soenneker/soenneker.cosmos.container,2420
sircharlo/meeting-media-manager,2419
1Panel-dev/1Panel,2418
evcc-io/evcc,2417
VecherVhatuX/learning_data_science_in_prison,2417
Apicurio/apicurio-registry,2416
govuk-one-login/ipv-core-back,2414
Skyvern-AI/skyvern,2414
home-assistant/brands,2413
jenkinsci/bom,2412
EtherealEngine/etherealengine,2410
jumpserver/jumpserver,2410
openSUSE/qem-dashboard,2410
qlonik/musical-parakeet,2410
vitejs/vite,2410
yairm210/Unciv,2410
3dwardch3ng/home-cluster-ops,2409
AntoniHub/C0D3X,2409
weaviate/weaviate-io,2408
armbian/build,2407
echo-webkom/echo-web-mono,2405
trufflesecurity/trufflehog,2405
VictoriaMetrics/VictoriaMetrics,2404
https-quantumblockchainai-atlassian-net/backstage,2402
lichess-org/lila,2402
kashalls/home-cluster,2400
tokiwa-software/fuzion,2399
inmanta/inmanta-core,2398
withglyph/glyph,2398
EricCrosson/dotfiles,2397
filamentphp/filament,2397
gooddata/gooddata-ui-sdk,2395
msupply-foundation/open-msupply,2395
xbmc/xbmc,2395
reflex-dev/reflex,2394
lftsolutions-blog/lft-bp-jenkins,2393
element-hq/element-x-android,2387
naikibro/jokeGenerator,2380
codemod-com/codemod,2379
puppeteer/puppeteer,2379
BlueWallet/BlueWallet,2378
AmadeusITGroup/otter,2376
statsig-io/docs,2375
nvaccess/addon-datastore,2374
invoke-ai/InvokeAI,2373
planetarium/NineChronicles,2373
akuity/kargo,2372
element-plus/element-plus,2372
rancher/dashboard,2371
DFE-Digital/apply-for-teacher-training,2370
keldaanCommunity/pokemonAutoChess,2370
pucardotorg/dristi-solutions,2370
xuxiaowei-cloud/spring-cloud-xuxiaowei,2370
django/django,2368
streamlit/streamlit,2367
trethore/SAE3-PACT-TripEnArvor,2366
osmosis-labs/assetlists,2362
vexxhost/atmosphere,2362
empirical-org/Empirical-Core,2360
ryan-theta/backstage,2359
mongodb-js/compass,2358
OneCommunityGlobal/HighestGoodNetworkApp,2358
biohackerellie/FlexRoster,2357
avinashkumar18/backstage,2356
soenneker/soenneker.instantly.unibox,2356
wso2/docs-apim,2356
phospho-app/phospho,2355
rawlingsj/wolfi-os,2355
soenneker/soenneker.servicebus.sender,2355
wordpress-mobile/WordPress-iOS,2354
carbon-design-system/ibm-products,2353
TYPO3-Documentation/TYPO3CMS-Reference-CoreApi,2352
Infisical/infisical,2351
soenneker/soenneker.blob.fetch,2350
lablup/backend.ai,2349
maplibre/maplibre-gl-js,2348
Qiskit/documentation,2348
soenneker/soenneker.cosmos.container.setup,2347
soenneker/soenneker.tests.fixturedunit,2347
Hack23/cia,2346
BeeStation/BeeStation-Hornet,2345
gtech-mulearn/IEEE-LAUNCHPAD,2345
JabRef/jabref,2344
gnolang/gno,2343
camunda/camunda-docs,2342
ansible/ansible-documentation,2341
Energinet-DataHub/opengeh-wholesale,2341
soenneker/soenneker.extensions.datetime.day,2341
bigcommerce/catalyst,2339
Rotwood-Vale/Ratwood-Keep,2339
KOSASIH/pi-nexus-autonomous-banking-network,2337
opendatahub-io/odh-dashboard,2337
opentiny/tiny-vue,2337
COGS108/MyFirstPullRequest,2334
mobbcitestjob/Mobb-Fixer-Demo-Snyk,2334
scantist-ossops-m2/libpng,2334
SUSE/BCI-dockerfile-generator,2333
tikv/tikv,2333
bitwarden/server,2331
ioBroker/ioBroker.repositories,2331
grafbase/grafbase,2330
mobbcitestjob/Mobb-Fixer-Demo-CodeQL,2330
viamrobotics/rdk,2330
camunda/camunda-platform-helm,2329
lftsolutions-blog/sample-python,2329
simulationcraft/simc,2328
php/doc-fr,2327
soenneker/soenneker.hangfire.basicauthentication,2327
rust-lang/rust-analyzer,2326
brotherlogic/euler,2323
Earlo/kotisivut,2322
carbon-design-system/carbon,2321
Exp-Intro-to-GitHub-Flow-Cohort-2/exp-intro-to-github-flow-cohort-2-classroom-ed7b0d-intro-Series-Intro-to-GitHub-Flow-template-repo,2320
LightDotSo/LightDotSo,2320
scta-texts/bHY6yh,2320
hpcc-systems/HPCC-Platform,2319
woowacourse-precourse/java-calculator-7,2319
Azure/bicep-registry-modules,2318
janus-idp/backstage-showcase,2318
aws-powertools/powertools-lambda-typescript,2317
brotherlogic/recordprocess,2317
Eventual-Inc/Daft,2317
locoz666/k3s-cluster,2317
ocaml/dune,2317
DrataVenturesPublicDemoOrg/terrafail,2316
GoogleChromeLabs/chromium-bidi,2315
rectorphp/rector-src,2314
CODE-U-S/Coding_Test_Study,2313
EduardoVega86/imporsutipro,2313
RobotLocomotion/drake,2313
zzllbj/lang,2313
chains-project/flink,2311
PeerDB-io/peerdb,2310
delta-io/delta,2309
appscode/charts,2307
containerd/containerd,2307
soenneker/soenneker.servicebus.queue,2307
Netrality-Data-Centers/PNSSalesforceTeam,2306
oceanbase/odc,2306
RT-Thread/rt-thread,2305
adobe-experience-league/exlm,2304
duckduckgo/Android,2302
pulumi/pulumi-aws,2301
CDCgov/NEDSS-Modernization,2300
mercedes-benz/DnA,2300
jonpulsifer/ts,2299
VisActor/VTable,2299
Diaoul/home-ops,2298
google/oss-fuzz,2298
apache/doris-website,2297
primefaces/primefaces,2297
rivet-gg/rivet,2297
andrew-codechimp/HA-Battery-Notes,2296
statamic/cms,2294
dealii/dealii,2293
isomerpages/govtech-gobusiness-main,2293
spiraldb/vortex,2293
GoogleCloudPlatform/pgadapter,2292
piny940/infra,2292
DemocracyClub/UK-Polling-Stations,2291
getsentry/relay,2291
red-hat-data-services/rhods-operator,2291
shaka-project/shaka-player,2289
fwupd/fwupd,2288
chipsalliance/sv-tests,2287
scinote-eln/scinote-web,2287
sktime/sktime,2287
Dallinger/Dallinger,2286
kitos9112/dotfiles,2284
Yonom/assistant-ui,2284
CrocSwap/ambient-ts-app,2283
stevewoz1234567890/achievements,2283
jenkins-infra/kubernetes-management,2282
huss2342/achievements,2281
osmosis-labs/osmosis-frontend,2281
shiptest-ss13/Shiptest,2281
Flagsmith/flagsmith,2280
hackclub/sprig,2280
negative7/home-cluster,2272
nvim-treesitter/nvim-treesitter,2271
salisk/k8s-gitops,2271
lsst-sqre/phalanx,2269
OX-Security-Demo/Multi-currency-management,2269
syncfusion-content/maui-docs,2269
usdigitalresponse/usdr-gost,2269
ardatan/feTS,2268
libccy/noname,2268
openvinotoolkit/openvino.genai,2266
devopsdays/devopsdays-web,2262
PennyDreadfulMTG/Penny-Dreadful-Tools,2262
kumahq/kuma-gui,2261
dbeaver/dbeaver,2260
dymensionxyz/rollapp-registry,2260
martinohmann/home-ops,2260
mozilla-mobile/firefox-android,2260
narwhals-dev/narwhals,2259
dlang/dmd,2257
mitodl/mit-open,2257
shader-slang/slang,2257
soenneker/soenneker.utils.dotnet.nuget,2257
atlanhq/atlas-metastore,2256
decidim/decidim,2256
Sensedia/draft-openapi,2256
soenneker/soenneker.blazor.clarity,2256
firebase/firebase-ios-sdk,2255
monosans/socnet,2255
casacinepoa/casacinepoa.github.io,2254
johnsmith0212/johnsmith0212,2254
NethermindEth/nethermind,2254
triton-lang/triton,2254
instructlab/instructlab,2253
hulk510/playground,2252
simplex-chat/simplex-chat,2251
GregTechCEu/GregTech-Modern,2250
exogee-technology/graphweaver,2249
joomla/joomla-cms,2248
epam/ai-dial-chat,2244
mmalyska/home-ops,2244
M0NsTeRRR/homelabv3-infra,2243
primer/react,2242
hyperledger/besu,2241
blarApp/blar-example-repos,2240
D-o-c/Doc-Home-ops,2240
UditChauhan07/BFS-B2BPORTL-React,2239
Blackstone-SS13/BLACKSTONE,2238
evergreen-ci/evergreen,2238
MudBlazor/MudBlazor,2237
safe-global/safe-wallet-web,2237
rancher-sandbox/rancher-desktop,2236
soenneker/soenneker.blazor.turnstile,2236
soenneker/soenneker.extensions.httpresponsemessage,2236
internetbuilder/eattheblocks,2233
mate-academy/layout_moyo-header,2233
zeroc-ice/ice,2233
KouShenhai/KCloud-Platform-IoT,2227
thingsboard/thingsboard,2227
LucaDev/Home,2226
soenneker/soenneker.instantly.accounts,2226
antoinezanardi/werewolves-assistant-web-next,2225
apache/seatunnel,2225
yijiaow/socket.io-chat-demo,2223
maidsafe/safe_network,2222
Simple-Station/Einstein-Engines,2222
soenneker/soenneker.data.zipcode,2222
feldera/feldera,2221
iron-fish/ironfish,2221
stefvanschie/IF,2220
nextcloud-libraries/nextcloud-vue,2218
rust-lang/this-week-in-rust,2218
w3schools-test/w3schools-test.github.io,2218
allennohesi/Caraga_Aics-Helps,2217
EspressoSystems/HotShot,2217
grpc-ecosystem/grpc-gateway,2217
ITISFoundation/osparc-simcore,2217
voxel51/fiftyone,2217
BabylonJS/Babylon.js,2216
brotherlogic/lock,2216
mkniewallner/renovate-config,2215
soenneker/soenneker.cosmos.database.setup,2214
nicko170/infra,2213
base-org/web,2211
dev-protocol/clubsx,2211
GoogleCloudPlatform/gcsfuse,2210
Roll20/roll20-character-sheets,2210
gitarcode-test/TornadoVM,2208
soenneker/soenneker.blazor.masonry,2207
bfra-me/renovate-action,2206
mealie-recipes/mealie,2206
space-syndicate/space-station-14,2206
dotcomscripts/k8s-gitops,2203
openjdk/jdk21u-dev,2202
risu729/dotfiles,2202
Agoric/agoric-sdk,2201
zer0-os/zOS,2199
opensearch-project/ml-commons,2197
dotnet/templating,2196
Abdul6578/testapiratelimit,2195
NHSDigital/electronic-prescription-service-api,2195
laurent22/joplin,2194
reitermarkus/rerun-workflow,2194
flexera-public/policy_templates,2193
HedvigInsurance/racoon,2193
mikeyhodl/docs-1,2192
